{
  "train_loss": [
    1.375835512555739,
    0.9718806308811513,
    0.854346368031863,
    0.7341805217583792,
    0.6818064076913408,
    0.6213919375065747,
    0.5554611319185732,
    0.5086504110899304,
    0.48554844436865424,
    0.43131810288734385,
    0.3842562595248129,
    0.3504808554530807,
    0.33096879686087155,
    0.29330388062103,
    0.2672584592612541,
    0.274053361582563,
    0.22621190294682902,
    0.21597877146447902,
    0.20597684928738905,
    0.19252892715394293,
    0.18672226452454552,
    0.17996932435522986,
    0.16718752688347852,
    0.1290778041693541,
    0.1306510473473827,
    0.14380288239420183,
    0.12238140177220332,
    0.1253398735187007,
    0.13197157541357693,
    0.11430420546159563
  ],
  "val_loss": [
    0.9287744778359007,
    0.7008673943683297,
    0.6989864440695571,
    0.6833494981962763,
    0.7084214979397283,
    0.6690326747661103,
    0.6518242020365681,
    0.7789496547769921,
    0.7022142729815529,
    0.6769685853354469,
    0.6980120096509348,
    0.6595546520269877,
    0.6391427629067751,
    0.6448305046293669,
    0.6789808524146685,
    0.6810832574631441,
    0.7441057237336091,
    0.7138885136869385,
    0.6966875143738306,
    0.8465863088959442,
    0.7546550869772549,
    0.8020569037146313,
    0.6979497783753528,
    0.729163872050487,
    0.7363495705116364,
    0.75696131578369,
    0.7430004194284822,
    0.7186873610285114,
    0.7998787819264433,
    0.7429855909224548
  ],
  "train_acc": [
    0.630189756027964,
    0.6995291767727208,
    0.7219289484947924,
    0.7471821943215865,
    0.7665858182336995,
    0.771579397916964,
    0.7881295477243544,
    0.8089599086888286,
    0.8135254672563846,
    0.8380653445569981,
    0.8373519760308176,
    0.8521900413753745,
    0.8636039377942645,
    0.8695962334141818,
    0.8788700242545299,
    0.880154087601655,
    0.8995577115137681,
    0.9002710800399486,
    0.9088315023541161,
    0.9136824083321444,
    0.909830218290769,
    0.9179626194892281,
    0.9252389784562705,
    0.9300898844342987,
    0.9319446426023684,
    0.9273790840348124,
    0.9375089171065772,
    0.9360821800542161,
    0.9362248537594521,
    0.9410757597374804
  ],
  "val_acc": [
    0.7039254823685961,
    0.7997338656021291,
    0.7538256819693946,
    0.780439121756487,
    0.8190286094477711,
    0.8170326014637392,
    0.846307385229541,
    0.812375249500998,
    0.8396540252827678,
    0.8522954091816367,
    0.8476380572188955,
    0.8423153692614771,
    0.8582834331337326,
    0.8403193612774451,
    0.8449767132401863,
    0.8556220891550232,
    0.8629407850964738,
    0.8556220891550232,
    0.8622754491017964,
    0.8582834331337326,
    0.865602129075183,
    0.874251497005988,
    0.8735861610113107,
    0.8749168330006654,
    0.8689288090485695,
    0.8729208250166334,
    0.8782435129740519,
    0.8709248170326015,
    0.8682634730538922,
    0.8729208250166334
  ]
}